{
  "train_losses": [
    0.1901167819694597,
    0.04311217864671228,
    -0.07640097983305019,
    -0.17808550472100437,
    -0.26529240698496603,
    -0.33540429790238185,
    -0.3970646625907369,
    -0.43802031571501676,
    -0.4758624071445392,
    -0.49731316031622036,
    -0.5182764713785478,
    -0.5368019203389329,
    -0.5534125003317485,
    -0.5552187962267472,
    -0.5603420941482241,
    -0.566408241671339,
    -0.5823686882302317,
    -0.5715910020493427,
    -0.579992541416111,
    -0.5854085841577272,
    -0.5899865850045973,
    -0.5918470361574116,
    -0.6018558482934093,
    -0.6093324804963658,
    -0.6017566061369619,
    -0.6034676494761085,
    -0.6040934439064288,
    -0.6165043078933139,
    -0.6112844187538234,
    -0.6149372058939568,
    -0.6246988676127274,
    -0.622743734823806,
    -0.627192161188518,
    -0.6267696601262658,
    -0.6355662074662289,
    -0.6354381010905669,
    -0.62998965226722,
    -0.6446632244149033,
    -0.649493416030036,
    -0.6457200545380463,
    -0.6437353836942692,
    -0.6516543575562537,
    -0.6441712909644204,
    -0.6543755942518462,
    -0.6554572768319322,
    -0.6586710152178242,
    -0.659988339648259,
    -0.6657084230409593,
    -0.6637182721906171,
    -0.6677410431795431,
    -0.6668952088993119,
    -0.6686651222787949,
    -0.6744677025292601,
    -0.6729694870870788,
    -0.6677112866915307,
    -0.6747671221002784,
    -0.6751576335910632,
    -0.6759699633516068,
    -0.6855056360744092,
    -0.6824526779771763,
    -0.6976394337811032,
    -0.6907089494396838,
    -0.6922470779367247,
    -0.686392358124104,
    -0.6923606554236339,
    -0.6983947185704447,
    -0.7068164442684881,
    -0.6889310069762322,
    -0.701059611590237
  ],
  "val_losses": [
    0.12780849546194076,
    -0.00018523691222071647,
    -0.11973463595844805,
    -0.2218757289648056,
    -0.2899091322720051,
    -0.31620641618967055,
    -0.3903535860776901,
    -0.41371222227811816,
    -0.42661837339401243,
    -0.4483055919408798,
    -0.4803333193063736,
    -0.533581618592143,
    -0.5301422438025475,
    -0.5408963811397552,
    -0.5537949705123901,
    -0.5630504155158996,
    -0.5362785726785659,
    -0.5664938658475875,
    -0.5779460275173187,
    -0.559707589149475,
    -0.5659534758329392,
    -0.4994468754529953,
    -0.5432520985603333,
    -0.5899128437042236,
    -0.573621672987938,
    -0.5630119580030442,
    -0.5417612648010254,
    -0.5765104627609253,
    -0.5216542154550552,
    -0.5899958801269531,
    -0.5877734577655792,
    -0.5974103492498398,
    -0.5983550202846527,
    -0.5665357863903046,
    -0.5337470799684525,
    -0.5923207259178161,
    -0.5943332082033157,
    -0.5955566322803497,
    -0.5767545747756958,
    -0.5821036863327026,
    -0.5928788870573044,
    -0.5389266645908356,
    -0.6015203440189362,
    -0.5476137155294418,
    -0.5382576578855515,
    -0.5722897744178772,
    -0.5987921190261841,
    -0.5876844090223312,
    -0.5968142652511597,
    -0.5550961804389953,
    -0.6148991519212723,
    -0.6162382173538208,
    -0.579519390463829,
    -0.6279020869731903,
    -0.6106108003854751,
    -0.5889511895179749,
    -0.5934268552064895,
    -0.5528805494308472,
    -0.613925712108612,
    -0.5968580323457718,
    -0.6079085159301758,
    -0.5844737881422043,
    -0.6026344931125641,
    -0.4679282730817795,
    -0.6218828731775283,
    -0.6219698768854142,
    -0.5810822695493698,
    -0.5652703386545181,
    -0.5954416161775589
  ],
  "val_aucs": [
    0.7044709640184026,
    0.7220505623169741,
    0.7374495884884023,
    0.7482125722268238,
    0.7415992622942488,
    0.7299582323807874,
    0.749937837786871,
    0.7391543441883913,
    0.7551614399070963,
    0.7653113090599066,
    0.7680260503479349,
    0.7761757388609536,
    0.7734607547121,
    0.7756675850373195,
    0.7771524399885102,
    0.7799031619100849,
    0.7691020641960802,
    0.7796969713184314,
    0.7818733469679279,
    0.7789289278900807,
    0.783924266724429,
    0.7739645112857008,
    0.7785587582937117,
    0.7952245174275753,
    0.7891968756675594,
    0.7835591271205565,
    0.7796020262266671,
    0.7895755418953706,
    0.7842250184892235,
    0.7952567475383471,
    0.7948348128583929,
    0.794556422326036,
    0.7974763576813905,
    0.7875605966241044,
    0.789328323146194,
    0.7962291852300106,
    0.7950970320283024,
    0.7961364501558443,
    0.7972819185696038,
    0.7924269905727566,
    0.7998832503539393,
    0.798013680125563,
    0.8025950122622619,
    0.8002533868193985,
    0.7960768991236389,
    0.7980706354299838,
    0.8023975487023702,
    0.8014254203504697,
    0.8047304264335983,
    0.7951608802465269,
    0.8066002756003888,
    0.8078969242521906,
    0.8025297329803235,
    0.8116698629932153,
    0.8063502517051453,
    0.8042563257679262,
    0.8050179938201941,
    0.8045576060672565,
    0.807014196447657,
    0.8067663015742769,
    0.80961909937271,
    0.8069354583511453,
    0.8091849690916918,
    0.8048080380092765,
    0.8109718529676311,
    0.8099774524423187,
    0.8033605496045276,
    0.8087070130406993,
    0.8080961368548077
  ]
}